date,tot,en,es,ja,ru,de,fr,pt,it,pl,zh,tr,nl,ar,sv,id,cs,th,ko,fa,uk,fi,vi,hu,no,he,ro,da,el,bg,hr,ca,sk,sr,lt,simple,ms,sl,et,sh,tl,kk,hi,ka,lv,bs,az,eo,sq,eu,ta,nn,zh_yue,mk,gl,hy,be,af,bn,arz,ml,mr,is,la,war,oc,ur,lb,be_x_old,ceb,an,te,mn,sw,cy,br,jv,uz,als,ga,ast,kn,fy,bar,nds,vo,gu,ang,su,sco,scn,tt,ckb,ne,bat_smg,my,lmo,ku,ky,io,cv,si,ia,qu,am,new,vec,pms,ht,yi,nap,pnb,yo,zh_classical,nah,mi,hif,mg,bpy,li,fo,mzn,ba,zh_min_nan,pa,km,ilo,map_bms,gd,pam,bcl,mt,os,gan,sah,nds_nl,diq,sa,co,wuu,so,dsb,as,hsb,gv,tg,wa,vls,dv,se,ce,bo,or,ksh,ps,lad,tk,mhr,rue,bug,ace,nrm,gn,fiu_vro,szl,ig,mwl,frr,stq,fur,hak,frp,nov,roa_tara,kw,ext,csb,eml,kv,lij,ay,sc,lo,bjn,rm,ab,ug,krc,pdc,crh,udm,zea,bh,cbk_zam,ln,pcd,na,myv,glk,kl,lez,ie,vep,mrj,jbo,xal,pag,tpi,koi,av,pap,kab,rw,sn,zu,bxr,kbd,bm,roa_rup,chr,kaa,mdf,cdo,tet,iu,got,kg,pih,bi,nso,srn,ss,om,dz,tn,ik,cr,sm,xh,tw,ve
10/31/2013,13003,6036,790,643,548,617,783,222,352,120,301,85,163,129,130,58,96,83,161,173,124,66,82,74,101,107,41,35,57,45,35,102,25,65,16,17,16,18,26,15,12,21,11,13,5,7,31,9,8,10,27,3,7,4,9,16,16,1,22,4,13,3,7,5,4,5,0,2,3,7,2,6,0,1,5,2,1,3,4,2,4,11,1,2,3,3,2,0,0,4,0,2,4,1,0,0,2,1,1,2,0,0,2,1,1,2,3,1,1,1,0,1,2,0,0,0,1,0,1,1,2,0,3,0,1,2,1,0,1,1,1,4,1,0,4,1,2,4,3,3,0,1,0,0,2,0,0,0,0,3,0,0,1,0,0,0,0,0,3,0,1,0,1,0,0,0,2,0,0,1,2,0,1,1,1,0,0,1,2,0,0,1,0,1,0,0,0,0,0,0,0,0,0,0,0,0,2,0,0,1,1,0,0,0,1,0,0,0,0,0,0,0,0,1,1,0,0,0,0,0,0,1,0,0,0,0,0,0,0,0,1,1,0,0,0,0,1,1,1,1,1
09/30/2013,11827,5195,779,624,498,667,653,211,361,127,314,92,133,147,104,61,92,78,133,158,148,70,73,82,76,96,52,42,42,69,36,47,19,40,16,16,9,20,30,10,9,17,5,8,13,12,19,5,12,7,18,11,6,12,13,17,6,6,8,5,13,4,4,8,5,4,3,6,8,4,3,7,3,1,5,2,5,3,5,0,1,7,2,2,1,0,2,2,0,0,1,3,1,1,1,2,1,0,1,2,1,6,0,1,0,0,0,0,1,3,0,1,3,3,0,0,1,1,1,1,1,0,0,0,4,0,0,0,0,1,0,1,0,0,1,1,0,4,2,0,2,0,1,0,0,1,1,0,0,0,0,0,3,0,2,0,0,0,0,1,0,0,0,0,2,0,2,0,1,0,1,0,1,0,0,0,0,0,1,0,0,1,2,1,0,0,0,0,0,0,1,2,0,0,0,1,0,0,0,0,0,1,0,0,0,0,0,0,0,0,1,0,0,0,1,2,0,0,0,0,0,0,1,2,0,0,0,1,0,0,0,0,0,0,0,0,0,0,1,0,0
08/31/2013,13922,6300,841,702,583,801,818,234,390,148,437,109,188,162,117,64,85,63,141,187,112,66,71,93,86,140,85,49,58,137,31,55,26,37,11,19,21,14,17,4,4,8,14,11,8,4,17,17,7,8,16,8,21,7,10,10,7,5,19,1,11,14,6,9,3,6,6,4,3,1,2,7,9,5,5,3,1,4,1,4,2,11,2,1,1,6,2,3,2,2,0,2,1,3,0,1,0,0,1,1,0,4,2,2,1,0,2,0,0,2,1,0,2,0,0,0,0,0,0,0,0,1,0,1,1,3,0,0,1,1,0,1,0,0,0,1,2,4,0,1,3,0,5,0,0,3,0,0,0,0,0,0,2,0,0,0,0,1,0,0,1,0,0,0,1,0,1,0,1,1,5,0,0,0,0,0,1,0,1,0,0,0,1,0,0,1,1,0,1,0,0,1,1,0,0,0,0,0,0,0,0,0,0,0,0,0,0,1,0,0,0,1,0,0,1,1,0,0,0,0,0,0,0,0,0,0,1,0,0,0,0,0,1,0,0,0,0,0,2,0,0
07/31/2013,14098,6208,911,649,646,794,847,317,433,148,453,111,171,157,110,109,99,60,128,158,165,72,75,97,64,148,85,50,56,61,38,77,24,40,21,26,21,14,18,10,4,19,8,12,13,1,27,13,9,7,21,10,28,7,10,18,7,6,18,1,6,5,6,6,6,6,0,2,4,4,1,7,7,1,4,2,3,1,1,2,0,14,3,2,1,2,1,1,1,1,1,1,4,5,0,0,0,4,3,2,0,1,1,0,0,0,0,1,0,3,1,2,1,2,0,0,0,0,0,0,1,0,1,0,1,1,0,0,0,0,0,2,1,0,1,1,3,8,0,3,0,0,0,1,1,2,0,0,0,1,0,0,2,0,1,1,0,0,0,1,0,0,0,0,0,0,0,0,0,0,3,0,0,0,1,0,0,1,0,0,1,0,0,0,1,1,1,0,1,0,0,0,0,0,0,1,0,0,0,0,0,0,0,1,0,0,0,0,0,0,0,2,1,0,1,1,0,0,0,0,0,1,3,0,0,1,0,0,0,0,0,1,0,0,0,0,0,0,0,0,0
06/30/2013,14053,6045,910,731,586,770,814,326,412,172,426,120,192,114,105,119,113,55,150,149,161,71,86,95,79,149,72,59,117,80,29,79,40,62,26,18,20,28,17,9,10,12,10,10,17,6,21,21,26,11,16,3,13,19,9,12,9,7,9,2,10,1,6,6,6,1,2,3,3,4,1,5,1,0,4,2,3,5,4,3,3,11,2,0,1,2,1,0,0,2,2,0,4,17,0,2,1,5,6,1,0,3,1,0,0,1,1,2,1,2,0,0,0,3,1,1,0,1,2,0,1,0,0,2,2,1,0,0,0,0,1,3,1,0,0,0,5,6,1,0,1,0,3,1,0,1,0,0,1,0,0,0,0,0,0,1,1,0,0,0,0,0,0,0,0,0,0,0,0,0,1,0,0,0,1,0,0,1,0,0,0,0,0,0,1,2,0,0,0,1,3,0,1,1,0,0,0,0,0,1,0,0,1,0,0,0,0,0,0,0,0,0,0,0,0,0,0,0,0,0,0,0,2,0,0,0,0,1,0,0,0,0,2,0,0,0,4,0,0,0,0
05/31/2013,15800,6717,1009,731,708,800,927,406,454,181,424,128,236,156,164,99,152,69,172,174,199,83,100,107,110,135,120,67,102,51,34,103,33,108,26,48,31,88,34,17,5,26,8,13,18,6,32,13,12,34,10,6,10,49,11,12,6,5,14,2,15,10,17,11,2,4,2,1,3,3,1,2,10,1,2,1,4,4,0,1,2,8,2,1,2,0,3,0,0,2,2,2,3,10,0,3,1,3,0,0,0,3,1,1,0,0,2,0,2,0,1,0,0,0,1,0,1,0,0,2,4,0,1,0,2,1,0,0,0,0,0,0,0,0,0,0,3,0,0,1,1,0,2,0,0,0,1,0,2,0,0,0,0,0,1,1,1,3,1,0,0,1,0,4,1,0,0,1,0,0,2,0,0,1,0,0,1,1,0,1,0,0,0,1,1,0,3,0,1,0,0,0,0,0,0,0,0,0,0,0,0,1,0,1,0,0,0,0,0,0,0,1,0,0,0,0,0,0,2,1,0,0,0,0,0,0,0,0,0,0,0,0,0,0,0,0,1,0,0,1,1
04/30/2013,15973,7224,851,755,699,834,924,312,480,175,419,110,235,191,137,101,140,73,145,197,173,93,73,117,124,122,123,68,66,41,31,147,29,47,30,37,23,57,29,7,6,18,13,9,20,11,26,8,7,15,15,12,11,50,20,12,19,7,26,2,17,5,6,6,4,7,1,1,5,2,0,9,31,3,6,4,1,1,4,1,2,5,3,1,3,0,1,0,2,3,1,2,5,4,1,1,1,5,1,5,2,4,0,1,0,0,0,2,0,1,2,0,1,1,2,0,0,0,1,1,1,0,2,1,1,2,1,0,3,0,1,1,1,2,1,0,2,0,1,2,1,0,0,0,1,0,0,0,0,1,2,1,0,1,1,0,0,0,0,0,3,0,0,0,0,1,2,0,0,0,1,0,0,0,0,0,0,0,0,0,0,0,0,0,0,0,0,0,0,0,2,0,0,0,0,0,0,1,1,0,0,2,0,0,0,1,0,0,0,1,0,1,0,0,0,0,0,0,1,0,0,0,0,0,0,0,0,0,0,0,0,0,1,0,0,0,1,0,0,0,0
03/31/2013,15646,6756,929,730,745,934,958,318,461,211,374,134,204,147,168,103,164,87,140,151,153,90,74,131,106,111,91,64,41,74,37,88,21,43,36,36,22,39,32,6,9,9,14,14,17,5,30,14,12,17,20,3,10,19,20,9,9,11,19,0,18,8,23,9,6,3,4,4,6,5,2,7,36,0,4,0,1,4,1,2,0,12,2,3,1,0,3,0,2,0,0,2,5,5,1,4,0,3,2,2,1,79,1,0,0,1,0,3,0,0,0,1,2,1,0,2,0,1,1,0,0,0,2,2,3,16,0,1,2,0,0,0,0,0,0,1,4,5,0,1,5,1,0,1,1,2,1,0,0,0,6,2,1,0,1,1,1,2,1,0,3,0,0,1,1,1,0,1,1,0,0,1,0,0,0,2,0,0,0,1,0,2,0,1,0,0,2,0,1,0,3,0,2,0,0,0,0,1,0,0,1,1,0,1,0,0,0,0,0,0,0,1,0,0,1,0,0,0,0,0,0,0,0,0,0,0,0,0,0,0,0,0,0,0,0,1,0,0,0,0,0
02/28/2013,14683,6274,935,687,767,907,904,278,497,199,339,120,200,124,147,79,125,55,144,160,160,103,67,99,94,90,76,53,54,63,34,87,30,44,24,40,21,43,33,4,11,27,13,8,10,9,39,14,9,9,25,5,4,26,44,19,14,7,19,3,9,4,4,12,2,6,4,5,9,2,5,6,6,3,4,6,4,9,1,1,2,1,2,0,3,0,4,0,3,5,2,2,5,1,0,0,1,2,5,2,1,3,2,0,0,1,1,0,2,1,1,1,2,2,2,1,0,1,3,0,0,1,1,2,2,0,0,0,0,0,1,0,0,1,1,0,1,2,0,0,2,0,3,1,1,1,0,0,0,1,2,1,0,0,1,0,1,0,0,1,1,0,0,0,0,0,0,0,1,0,1,0,0,0,0,0,0,0,0,0,0,0,2,0,0,0,2,0,1,0,1,0,1,1,0,0,1,0,0,0,0,0,0,0,0,0,1,0,0,1,0,0,0,0,0,0,0,0,0,0,0,0,0,0,1,0,0,0,0,0,0,0,0,0,0,0,0,0,0,0,0
01/31/2013,16269,6626,996,743,826,1028,1009,320,557,224,440,127,282,169,153,76,152,47,170,232,186,94,51,109,107,135,78,72,104,74,41,184,23,49,29,65,36,59,27,12,7,16,9,13,25,6,42,25,11,17,12,5,9,28,19,19,12,9,21,4,22,18,4,11,2,1,3,2,13,2,4,11,3,1,3,2,6,4,1,0,5,2,5,0,1,3,5,0,1,4,1,4,7,0,0,3,1,1,2,1,1,2,2,0,0,0,1,3,1,0,0,2,3,2,1,0,1,0,0,3,1,0,1,1,2,6,0,1,6,0,0,1,1,1,6,1,0,2,0,0,1,0,2,3,0,2,0,1,0,0,1,1,1,1,2,0,2,0,2,0,0,0,0,1,0,0,2,1,0,0,0,0,1,1,0,0,0,0,0,0,1,1,0,0,1,0,0,0,0,0,0,0,0,0,0,0,0,0,0,1,0,0,0,0,0,0,1,0,0,1,0,0,0,0,0,1,0,0,0,0,0,0,0,0,0,0,0,0,1,0,0,0,1,3,0,0,0,0,0,0,0
12/31/2012,14713,6191,897,729,764,749,925,317,442,163,369,117,215,170,147,100,154,59,178,198,182,77,56,77,121,127,63,62,60,63,28,165,25,41,26,66,27,38,40,6,5,17,9,16,19,9,34,12,13,7,14,11,3,12,12,15,11,5,14,6,26,10,8,10,1,3,5,2,5,1,0,4,7,1,9,3,1,4,1,3,2,4,4,1,2,1,6,1,1,1,0,2,4,0,0,3,1,1,16,0,1,1,0,2,0,0,0,0,1,2,0,1,1,1,0,0,1,0,0,0,0,1,6,0,1,1,0,0,0,0,1,0,1,0,0,0,1,0,0,0,5,0,0,0,0,3,0,0,1,0,1,1,1,1,2,0,1,2,2,1,0,0,2,0,1,0,1,2,0,0,0,1,0,2,1,1,0,0,1,2,1,2,2,1,1,0,0,0,0,0,2,0,0,0,0,0,0,1,0,1,0,3,3,0,0,0,1,0,0,0,0,1,0,0,0,4,0,0,0,0,0,0,0,0,0,0,0,0,0,0,0,0,0,0,0,0,0,0,0,0,0
11/30/2012,15249,6531,908,656,862,905,1029,264,475,166,386,101,215,173,151,72,139,51,145,181,178,91,49,97,168,105,73,53,98,49,39,137,35,50,32,35,25,25,35,6,11,5,22,9,9,10,29,12,9,10,11,15,6,8,28,15,8,7,11,1,14,8,13,10,1,1,8,0,7,0,2,6,16,3,6,5,6,4,1,0,0,5,1,0,1,0,4,0,2,0,0,1,1,2,1,1,0,3,4,4,1,2,1,0,1,1,1,1,1,2,1,1,1,1,1,0,1,0,0,0,0,1,3,0,8,1,0,0,1,2,1,1,0,0,0,0,0,0,1,3,0,1,4,1,0,1,0,0,0,0,0,7,1,0,1,1,0,1,0,0,0,0,0,0,1,0,1,0,1,0,0,0,0,0,0,0,1,0,2,1,0,0,1,0,1,0,0,0,0,0,3,1,0,1,0,1,0,1,0,0,1,0,0,0,0,0,0,0,0,0,0,1,0,0,0,3,0,0,0,0,0,0,0,0,0,0,0,0,0,1,0,1,0,0,1,0,0,0,0,0,1
10/31/2012,15160,6686,992,771,780,869,932,269,422,189,390,103,195,189,154,80,111,80,153,144,131,73,77,94,151,130,71,65,58,58,40,76,33,34,34,26,20,23,29,8,5,10,15,10,18,4,20,18,13,12,8,3,9,9,12,9,12,1,14,2,13,11,5,6,1,10,4,3,6,0,5,7,4,2,2,3,5,4,4,3,2,5,3,1,4,2,4,1,1,2,0,5,3,4,0,1,1,5,2,0,0,5,0,0,1,1,3,2,0,1,2,1,2,3,0,0,0,1,0,2,0,2,2,0,2,2,0,0,2,0,0,0,0,0,1,1,1,2,0,0,1,0,3,0,0,2,0,0,1,1,0,1,1,0,1,0,2,0,0,0,0,0,1,0,1,0,0,2,0,0,0,0,0,0,0,1,0,0,0,0,0,1,0,0,1,0,0,0,0,0,1,0,2,0,0,0,0,0,0,0,2,0,4,0,1,0,0,0,0,0,0,1,0,0,0,1,0,0,0,0,0,0,0,0,0,0,0,0,0,1,0,0,0,0,0,0,0,0,0,0,0
09/30/2012,14007,6053,863,694,672,822,826,297,496,164,396,110,164,179,138,80,101,97,126,165,108,88,54,88,122,124,81,57,58,63,32,66,29,38,13,40,8,19,20,9,4,7,8,12,15,6,31,18,10,12,15,11,8,12,7,13,12,7,17,3,13,8,12,7,1,4,5,3,0,0,0,4,6,2,5,2,31,2,5,2,0,4,1,1,1,0,7,0,0,6,1,1,3,1,0,6,1,0,9,1,0,6,0,1,0,0,3,0,0,1,1,2,0,0,2,0,0,0,0,1,1,2,2,1,4,0,0,0,2,0,0,0,0,0,1,1,1,2,0,0,1,0,3,0,0,0,0,1,1,2,0,0,0,1,0,1,1,0,0,1,1,0,0,0,0,0,0,0,0,0,0,0,0,0,0,0,0,1,0,1,1,0,0,0,0,1,0,0,0,0,1,0,0,2,0,1,0,0,1,0,0,0,1,0,0,0,0,0,1,1,0,2,0,0,0,1,0,0,0,0,0,0,0,0,1,0,0,0,0,0,0,0,0,0,0,0,1,0,0,0,0
08/31/2012,15145,6610,984,708,780,893,925,272,543,224,424,115,214,158,145,96,100,77,174,166,133,99,60,83,95,121,75,54,41,42,27,51,28,58,18,30,22,20,20,9,9,5,18,12,10,7,28,17,13,11,16,11,5,9,14,9,6,4,12,3,17,13,3,12,1,3,3,7,9,1,2,9,0,2,2,1,1,5,1,2,0,1,1,5,2,2,6,3,2,2,5,2,6,3,1,0,0,1,4,1,1,6,2,2,4,0,0,1,1,2,1,1,1,0,0,0,1,1,0,2,3,0,0,1,4,0,0,0,1,0,1,1,0,1,0,0,2,4,1,2,1,2,1,1,1,2,1,0,0,0,0,0,3,0,0,1,1,0,0,0,0,1,0,1,1,0,0,2,0,2,0,0,2,0,0,0,1,1,2,1,0,2,0,0,1,0,0,0,0,0,1,0,0,0,0,1,0,0,2,1,1,0,0,0,0,1,0,0,1,1,0,0,0,1,0,0,0,0,0,0,1,0,1,0,0,0,0,0,0,0,1,0,0,0,0,0,0,0,0,0,0
07/31/2012,15756,6895,1007,701,792,956,903,345,556,211,448,130,206,171,124,103,117,75,159,231,144,81,70,98,95,156,75,44,68,48,39,77,36,43,22,45,11,22,17,14,10,13,22,18,10,10,23,12,9,6,8,7,6,8,7,14,9,8,11,3,18,2,3,12,2,5,3,4,6,1,2,3,0,0,4,5,10,2,0,1,4,4,2,1,0,0,2,1,0,0,1,5,6,5,0,4,1,0,7,1,2,3,2,0,0,0,1,3,0,0,0,2,2,4,0,0,0,0,0,0,0,0,3,0,3,2,0,0,0,0,0,0,0,1,1,1,1,6,0,0,2,0,2,2,1,1,1,0,1,1,1,0,5,0,1,0,1,0,2,0,0,0,0,0,1,0,2,0,1,0,1,0,0,0,0,0,0,1,0,0,1,2,1,1,0,0,0,0,1,0,0,1,0,1,0,0,0,0,1,0,1,0,0,0,0,1,0,0,0,0,0,0,0,1,0,2,1,0,0,0,0,0,0,0,0,0,0,0,0,0,0,0,0,0,0,1,0,0,0,0,0
06/30/2012,15365,6630,909,683,761,872,926,317,537,187,334,125,210,171,130,90,118,75,135,204,117,95,94,95,94,161,88,57,61,52,39,110,29,49,22,64,25,37,25,10,9,35,19,14,9,7,20,18,23,6,20,7,9,9,14,9,17,3,13,2,18,8,6,9,3,8,5,14,3,1,2,4,4,5,5,6,40,5,1,2,3,5,3,2,5,2,5,2,0,1,3,1,5,6,2,4,1,3,30,2,2,4,2,2,1,0,1,1,2,1,0,2,1,2,1,0,1,0,0,2,0,1,2,2,1,3,0,0,1,0,1,1,0,1,0,1,1,1,0,1,2,1,7,2,1,3,1,0,1,1,0,1,4,1,1,0,1,1,3,1,2,0,0,0,0,1,0,1,1,0,0,0,1,1,1,1,0,1,2,2,1,2,0,2,2,1,1,0,0,0,1,1,0,0,0,2,2,0,0,1,1,1,1,3,3,0,0,0,0,0,1,0,3,2,1,0,1,1,1,0,2,0,1,0,0,0,1,1,0,1,0,0,0,0,0,0,0,0,1,0,0
05/31/2012,16206,6907,1037,672,849,875,930,338,562,198,387,127,220,204,144,130,150,68,223,219,157,99,95,113,112,108,77,61,98,60,30,122,24,70,17,38,20,73,26,8,8,11,9,9,12,7,25,14,12,20,15,13,8,14,16,14,6,6,17,6,13,3,5,8,0,4,3,10,3,0,3,6,11,1,5,0,37,1,1,4,5,3,1,3,0,2,4,0,3,1,2,2,7,0,0,4,1,1,10,3,4,2,3,0,1,0,0,1,0,1,2,2,1,1,0,0,2,1,0,1,0,4,1,1,1,0,1,1,1,0,3,2,1,2,2,1,1,0,0,1,4,1,5,2,0,0,0,1,1,2,1,0,12,1,0,1,2,15,0,1,0,1,0,0,1,0,0,2,0,0,2,2,1,0,1,1,1,0,0,1,0,0,2,1,2,1,1,0,1,0,1,1,0,1,1,0,0,0,2,1,1,0,2,2,0,2,1,3,1,0,1,2,0,0,0,1,1,0,0,0,0,0,0,1,0,0,1,0,0,0,0,0,0,0,0,0,0,1,2,2,0
04/30/2012,15805,7198,874,718,793,877,874,304,523,192,307,98,218,177,153,104,174,71,174,166,156,102,73,109,118,129,88,61,65,59,38,91,33,37,32,38,10,30,40,3,5,11,14,7,11,10,24,25,10,18,9,12,7,9,30,7,6,5,21,1,9,11,58,5,1,3,5,10,3,0,2,7,7,3,5,3,0,1,2,3,0,5,0,3,3,2,5,0,1,0,0,1,4,0,1,0,1,6,9,1,0,2,3,0,0,0,2,3,0,0,1,0,3,0,1,0,0,1,0,0,2,0,3,0,1,0,1,0,2,0,0,0,0,1,0,2,0,2,0,4,1,2,7,1,0,1,0,0,1,1,0,0,4,0,3,0,1,1,0,0,0,1,0,0,0,0,0,0,0,2,0,0,0,0,0,1,0,0,0,0,0,0,0,0,0,0,0,0,0,1,0,0,0,0,1,0,0,0,0,0,3,0,2,0,0,0,0,0,0,0,1,0,0,0,1,0,0,0,0,0,0,1,0,0,1,1,0,0,0,0,1,0,0,0,0,0,0,1,0,1,0
03/31/2012,16239,7330,863,834,854,1042,918,276,451,197,312,81,220,151,145,110,140,68,144,182,198,80,59,117,119,164,73,65,69,60,35,82,30,46,23,45,18,59,40,5,5,18,12,12,20,11,26,21,10,45,10,11,4,11,24,16,11,7,16,4,17,10,26,5,1,4,1,1,4,0,3,5,1,4,0,1,2,7,2,3,1,8,1,1,2,1,1,0,0,3,0,1,1,2,0,1,0,2,7,1,2,2,1,1,1,0,0,0,1,0,0,1,0,3,1,1,0,0,1,2,3,0,2,0,0,8,1,0,1,1,0,2,1,2,0,3,1,2,1,0,1,1,5,0,1,4,0,1,0,0,0,4,2,0,1,0,3,0,0,0,0,0,0,1,0,0,0,2,1,0,1,1,0,2,2,1,1,1,0,0,0,1,0,0,2,1,1,0,0,1,0,0,0,0,0,0,0,0,0,0,8,0,2,0,0,0,0,0,0,0,1,1,0,2,1,1,2,0,0,1,0,0,1,0,0,0,0,0,1,0,0,0,0,0,1,0,0,0,1,0,0
02/29/2012,15953,6884,938,744,768,1075,926,303,631,206,383,127,212,149,130,83,125,61,147,167,161,107,53,123,110,147,97,48,79,96,40,88,35,49,23,38,18,50,33,2,8,11,18,15,12,8,22,16,5,15,14,11,12,17,15,11,12,11,19,1,12,7,19,13,5,4,1,2,9,2,4,9,2,1,3,5,2,2,1,1,2,6,4,0,0,3,3,0,1,3,2,1,1,2,0,1,1,5,6,2,3,4,4,1,0,0,0,1,2,1,1,1,1,2,1,0,1,0,0,1,1,0,1,0,2,0,0,0,1,0,1,1,1,3,0,0,0,3,1,1,2,0,4,1,0,1,0,1,1,1,0,2,2,1,2,0,1,0,0,0,1,0,0,0,0,1,1,4,1,1,0,0,1,0,0,0,0,1,3,1,0,1,0,0,1,0,0,0,1,0,0,0,0,0,0,1,0,0,0,0,1,0,3,0,0,0,0,1,1,0,0,2,0,0,2,0,1,0,0,0,0,0,0,0,0,1,1,1,1,0,1,0,0,0,1,0,0,1,1,0,0
01/31/2012,16918,7067,1025,759,896,1108,990,327,657,232,334,103,254,179,144,103,166,54,198,240,164,117,68,116,132,125,125,66,73,70,53,124,35,53,27,43,24,76,51,10,5,14,22,8,17,10,22,11,10,19,22,7,10,23,14,13,17,4,9,1,18,13,6,14,1,3,3,8,11,1,5,14,8,4,3,6,1,2,2,6,2,8,2,2,1,1,4,0,0,1,1,3,1,4,0,0,2,4,4,2,3,4,1,3,0,0,4,1,3,1,3,1,2,1,1,0,1,1,0,0,1,0,0,5,0,2,0,2,0,0,2,1,2,2,5,1,2,8,0,2,4,0,3,1,0,0,1,1,0,3,1,0,0,0,2,0,1,0,0,0,0,0,0,0,1,0,0,0,1,1,0,1,0,0,0,0,0,0,0,0,0,1,0,1,0,0,0,0,1,0,1,0,0,1,1,1,0,0,0,1,1,0,0,0,0,0,0,0,0,1,2,0,0,0,0,0,0,0,1,0,0,0,0,0,0,0,0,0,0,0,0,0,1,0,0,0,0,0,0,0,1
12/31/2011,15737,7016,961,590,751,933,817,334,502,193,276,110,245,165,149,97,141,57,200,183,158,112,76,93,99,114,102,60,93,70,33,135,26,83,24,40,29,67,53,5,14,17,14,17,9,0,23,21,12,23,14,9,12,17,15,13,6,3,12,2,22,18,5,5,3,5,4,3,8,1,6,2,12,2,4,4,2,2,2,2,1,7,6,3,2,1,3,0,3,3,0,7,4,3,0,2,0,5,27,3,0,6,3,3,0,0,1,1,1,2,0,0,1,1,0,0,1,1,1,1,1,0,3,0,0,19,0,0,0,0,0,0,0,1,0,2,0,3,2,0,1,0,6,0,0,0,0,2,1,1,1,5,1,0,2,1,1,0,0,0,2,1,0,0,1,0,1,3,0,0,0,1,0,0,0,1,0,0,0,0,0,0,1,0,1,0,0,0,1,0,1,0,2,1,0,0,0,0,0,0,0,0,1,0,1,0,1,0,0,0,0,0,0,0,0,0,0,1,0,0,0,0,0,0,0,0,0,0,0,0,0,0,0,0,2,0,0,1,0,0,0
11/30/2011,15876,7224,908,689,732,968,864,277,439,176,273,93,248,169,150,82,118,54,173,154,168,91,51,106,110,96,72,55,80,47,28,139,29,35,27,38,31,45,252,8,18,24,19,9,13,10,24,24,10,8,15,13,3,12,12,14,9,6,8,5,10,12,6,7,1,4,1,5,7,0,1,7,19,3,8,3,1,1,0,4,2,10,0,0,1,1,3,1,0,2,2,0,2,3,0,1,0,4,15,1,1,61,1,0,1,0,0,3,0,0,2,1,1,2,2,1,2,0,1,1,1,0,3,0,0,24,3,2,0,0,0,2,1,0,1,1,2,3,0,1,3,0,3,1,0,0,1,1,0,0,1,11,1,5,1,1,0,0,0,0,0,0,0,0,1,0,1,0,0,0,0,0,0,0,0,0,0,0,0,0,0,2,0,0,1,0,1,0,0,0,0,0,0,0,0,1,0,0,0,0,3,1,0,0,1,0,0,0,0,0,0,0,0,0,1,0,0,0,0,0,0,0,0,0,0,0,0,0,0,2,0,0,0,0,4,1,0,0,0,0,0
10/31/2011,15718,7422,901,706,676,949,836,270,445,205,297,89,209,204,153,94,131,78,209,122,142,105,80,98,122,111,80,57,50,45,28,87,27,38,31,25,18,44,44,11,10,27,10,8,21,10,29,14,12,18,14,11,4,9,12,19,9,7,11,3,11,8,7,13,0,3,1,4,10,1,4,5,4,1,3,6,1,1,3,2,1,3,0,2,2,1,3,1,2,3,1,1,1,4,1,5,1,3,13,1,1,4,2,2,0,0,3,0,0,1,2,1,1,0,2,0,0,0,0,0,2,1,0,0,2,2,1,0,1,0,0,0,1,0,1,0,0,5,0,0,0,0,0,0,0,2,0,0,0,0,2,4,3,1,0,3,1,2,1,0,1,0,1,0,0,0,1,1,0,0,0,0,0,0,1,0,2,1,0,0,4,0,0,0,0,0,0,0,0,0,0,1,0,0,0,0,0,0,0,1,0,0,1,0,0,1,0,0,0,1,0,1,0,2,1,0,0,0,0,0,0,0,0,2,2,0,1,0,1,0,0,0,0,0,2,0,0,0,0,1,0
09/30/2011,15098,7090,929,651,658,915,837,287,533,184,293,112,230,171,144,84,98,98,165,127,110,81,56,95,105,110,56,55,66,51,19,71,22,40,21,34,21,16,22,8,7,8,6,10,12,7,23,11,12,10,21,11,7,14,11,8,7,6,6,7,13,8,2,10,3,3,0,6,4,1,2,7,8,4,5,1,2,1,2,0,3,1,2,2,1,0,0,0,33,4,2,1,3,3,0,1,0,1,4,3,2,4,2,1,0,0,1,1,1,0,1,0,0,0,0,0,3,1,2,0,1,0,2,0,0,1,0,1,1,0,0,3,2,0,1,2,0,4,2,0,2,0,6,0,1,1,0,0,0,1,1,1,1,0,0,1,1,0,0,0,0,1,3,0,1,0,0,0,0,0,0,0,0,0,0,0,0,0,0,0,4,0,1,0,1,2,1,0,0,0,0,0,0,0,0,0,0,0,0,0,4,1,2,0,0,0,0,0,0,1,0,0,0,0,0,1,0,0,0,0,0,0,0,0,0,1,0,1,0,1,0,0,0,0,1,0,0,0,0,1,0
08/31/2011,16618,7639,952,752,769,1055,919,315,523,216,348,131,284,164,163,93,131,66,154,179,124,103,79,123,124,173,86,66,51,50,37,47,34,42,28,33,24,22,15,11,8,30,16,18,13,9,27,13,12,10,8,14,1,7,15,11,11,7,15,4,13,5,14,6,1,3,3,4,6,1,8,4,7,2,7,2,3,2,2,5,0,0,2,4,2,3,2,1,1,1,1,2,1,2,0,1,2,5,1,2,1,7,4,1,0,0,1,5,2,1,1,2,1,2,0,0,2,2,0,1,0,0,1,2,1,5,0,0,1,0,0,0,2,0,4,1,1,4,2,0,3,1,4,0,0,1,2,0,0,2,0,2,0,2,0,0,0,0,1,0,0,1,1,0,2,0,0,2,0,1,1,1,0,1,1,0,0,1,0,0,1,2,0,0,0,0,0,0,0,0,0,1,0,0,0,0,2,0,0,0,6,0,5,0,0,0,0,1,0,2,1,1,0,0,1,0,0,0,0,1,0,0,0,0,1,1,0,0,0,0,0,0,0,0,0,0,0,0,0,0,0
07/31/2011,16317,7638,959,608,747,1043,871,345,563,242,331,110,261,164,141,97,126,69,162,166,121,93,62,108,99,145,92,49,54,57,35,60,31,45,32,44,20,25,10,8,8,25,14,13,13,3,29,28,13,13,14,16,7,11,9,6,5,6,14,3,14,4,11,9,1,5,9,7,7,2,2,8,3,2,4,2,2,3,2,1,2,3,1,0,2,2,3,0,3,2,3,2,2,4,1,2,2,4,0,1,0,2,1,2,0,0,2,0,0,2,5,2,1,1,2,1,0,0,0,2,0,1,1,1,5,8,0,0,0,0,1,0,1,0,0,0,0,2,0,0,1,0,3,1,0,2,1,1,0,0,0,1,1,0,0,0,0,0,1,0,0,0,0,0,0,0,2,1,0,1,0,0,0,0,0,0,18,0,0,0,0,1,0,1,1,1,0,0,1,1,0,2,0,0,0,1,0,0,1,0,1,0,0,1,0,1,0,0,0,0,0,0,0,1,0,0,0,0,0,0,1,0,0,0,0,0,1,2,0,0,0,0,0,0,0,0,0,2,0,0,0
06/30/2011,16503,7724,900,608,758,1022,835,338,556,208,265,132,281,139,129,153,128,43,153,150,121,88,69,115,116,129,92,66,59,54,47,95,29,44,23,43,23,95,22,9,20,199,14,12,13,10,20,10,13,6,15,5,6,15,13,13,8,3,10,2,19,5,10,9,0,6,4,8,8,2,0,4,2,0,5,4,14,2,4,0,1,2,1,1,4,2,3,1,1,1,0,2,2,1,1,5,0,0,1,0,0,4,6,1,0,0,5,1,0,0,0,0,1,1,2,0,1,3,0,0,0,0,1,1,0,7,1,1,0,1,0,2,1,0,2,0,1,6,0,0,4,1,3,0,0,1,0,2,0,3,0,3,3,1,2,1,1,2,2,0,1,0,0,0,1,0,1,0,0,0,0,0,0,0,2,1,2,0,1,1,0,2,0,0,0,1,0,0,0,1,0,0,1,0,1,1,2,0,0,0,0,0,1,0,0,0,0,0,0,0,0,0,0,0,0,0,0,0,0,1,0,0,0,0,0,1,0,0,0,0,0,0,0,0,0,0,0,0,0,0,0
05/31/2011,16806,7900,901,668,807,1018,896,311,527,213,275,124,270,126,162,84,121,59,225,107,150,104,83,110,149,117,80,70,77,47,40,109,30,43,30,46,15,151,37,5,8,6,23,4,27,9,23,19,40,10,8,10,5,19,19,29,9,3,7,3,19,2,11,9,0,7,1,2,6,0,5,9,2,7,2,2,2,5,4,2,3,1,1,4,0,2,3,0,3,2,1,4,2,3,0,2,1,3,6,2,0,3,0,1,0,1,1,5,0,1,1,0,0,1,0,0,1,2,0,0,4,0,0,0,0,3,1,1,0,0,2,5,1,0,0,1,0,5,0,2,0,0,0,0,2,1,1,0,1,9,0,0,4,0,0,0,0,1,1,0,0,0,0,0,0,0,0,1,1,0,0,0,0,0,0,0,13,0,0,2,0,1,2,0,0,0,1,0,0,0,0,0,0,1,0,0,1,0,0,1,3,2,0,2,1,0,0,0,1,0,1,0,0,0,0,0,0,0,0,0,0,0,0,0,0,0,0,0,0,0,0,1,0,0,1,0,0,0,0,0,0
04/30/2011,16666,8355,858,604,831,992,860,298,511,198,271,120,257,107,154,73,155,51,128,123,135,116,60,101,148,125,81,60,68,35,36,100,22,37,24,40,11,61,33,5,4,9,14,12,16,5,25,13,21,4,13,8,7,5,11,9,9,1,10,2,14,5,13,6,1,2,4,1,5,1,4,5,3,2,1,9,19,0,7,1,0,7,1,4,0,1,2,1,0,1,2,3,3,1,0,1,2,4,3,0,0,8,0,2,1,0,2,0,0,3,0,0,0,1,0,0,1,0,0,1,2,0,0,0,1,3,0,0,0,0,0,1,0,2,0,2,0,1,1,0,6,2,0,0,1,1,1,2,0,0,0,1,3,0,1,0,0,3,3,1,3,0,0,1,0,0,1,1,0,0,0,0,1,0,0,0,1,1,0,0,1,0,0,0,1,1,0,0,0,0,2,0,0,0,0,0,1,0,1,1,2,0,0,3,0,0,0,1,1,0,0,2,1,0,0,0,0,0,0,0,0,0,0,0,0,0,0,0,0,0,1,0,0,0,0,0,0,0,0,0,0
03/31/2011,18194,8727,924,660,875,1250,953,344,529,244,253,130,279,122,171,136,204,64,125,141,183,113,68,123,155,120,92,84,60,41,40,138,28,39,36,44,31,92,23,7,14,19,16,24,11,10,25,23,13,44,12,5,2,14,21,18,16,6,11,4,22,7,6,13,2,3,4,4,5,0,0,6,2,2,10,9,22,1,0,4,3,6,4,1,4,0,1,0,0,1,0,3,2,3,1,6,0,2,3,0,0,4,1,2,0,0,0,0,0,2,1,1,0,2,0,0,2,0,0,0,1,1,1,1,2,1,0,1,1,0,0,0,1,1,0,1,1,4,0,0,3,0,0,1,0,2,0,0,0,0,0,0,3,0,0,1,0,0,2,4,0,0,0,1,1,0,0,1,0,2,0,0,0,0,0,2,1,0,1,0,0,0,1,0,1,0,0,0,0,0,3,0,0,1,0,0,0,0,0,1,2,0,0,0,1,0,0,1,0,0,0,1,0,0,1,1,2,0,0,0,0,0,0,1,0,0,1,0,0,0,1,0,0,0,0,0,0,0,0,0,0
02/28/2011,17121,8082,853,684,874,1188,853,375,539,260,302,130,252,128,188,101,138,88,166,132,151,118,87,121,139,120,84,74,66,71,39,103,30,50,24,28,26,42,17,3,6,3,9,14,14,5,24,18,7,17,9,7,4,17,12,6,7,5,9,1,18,9,7,10,1,1,1,2,5,0,5,6,5,3,5,4,9,1,3,3,0,3,0,1,0,2,6,1,0,0,0,1,2,0,0,5,1,1,4,1,0,5,2,2,0,0,1,0,1,1,0,0,0,0,1,0,1,0,0,1,0,0,1,0,1,7,0,1,1,0,1,0,1,0,0,2,0,0,1,1,0,0,2,1,0,0,1,1,0,0,2,1,2,1,2,0,0,0,6,3,2,0,0,0,1,0,0,0,0,1,0,0,0,0,0,1,0,1,0,0,1,0,0,0,0,1,0,0,0,1,0,1,0,0,1,0,0,0,0,0,0,1,0,0,0,0,0,2,0,0,0,1,0,0,0,0,0,0,1,0,0,0,0,1,0,1,0,0,2,0,1,0,0,0,0,0,0,0,0,0,0
01/31/2011,18365,8059,1018,769,1050,1404,938,399,664,284,281,152,281,121,205,74,200,60,195,146,178,89,100,142,152,98,114,68,76,72,48,111,39,56,29,35,23,64,36,3,6,6,10,15,26,6,24,23,8,8,12,6,13,90,21,12,11,1,11,1,13,8,4,5,2,3,3,2,10,0,1,6,5,0,8,3,7,2,0,1,6,8,1,1,1,3,3,0,1,0,2,4,3,1,0,6,3,0,1,1,0,5,2,2,0,0,3,1,1,1,2,0,1,1,1,0,1,0,0,1,2,0,0,1,1,5,0,0,3,0,3,1,0,2,0,0,0,0,1,4,2,1,1,1,0,1,0,1,0,2,0,1,0,1,1,2,1,0,9,1,1,0,1,0,0,0,1,1,1,0,0,1,0,0,0,1,0,0,0,0,0,0,1,0,4,0,0,0,0,0,0,1,2,0,0,0,0,0,0,1,0,0,1,0,0,0,0,0,0,0,1,0,1,0,0,0,2,1,0,0,0,0,1,0,0,1,0,0,0,0,0,0,0,0,0,0,0,0,0,0,0
12/31/2010,15867,7198,858,780,799,999,797,411,486,219,246,173,237,130,154,62,104,46,158,140,123,110,75,109,120,95,83,69,60,58,30,159,44,58,26,58,20,75,121,11,3,2,15,10,19,7,24,15,12,7,15,6,5,13,9,15,8,5,9,1,17,6,7,8,2,3,3,2,5,0,2,4,5,2,0,6,2,0,2,3,2,8,3,1,3,0,1,0,0,1,2,1,3,1,0,1,1,3,3,0,0,3,0,0,0,0,2,2,0,3,0,1,1,0,0,0,0,0,0,0,1,0,5,0,1,0,0,0,0,0,0,0,2,0,0,1,0,0,0,0,1,0,0,0,0,1,0,0,0,1,0,0,0,0,0,0,0,0,1,1,0,0,0,0,1,0,0,1,0,0,0,0,1,0,0,0,1,0,0,0,0,1,1,2,0,0,0,0,1,1,1,0,0,0,0,2,0,0,0,1,1,0,2,0,0,1,0,1,0,0,2,1,0,0,0,0,2,1,0,0,0,0,0,0,0,0,0,0,0,0,0,0,1,0,0,0,0,0,0,0,0
11/30/2010,15550,7203,858,658,873,989,820,331,454,205,251,102,217,144,153,42,113,40,156,116,124,96,74,112,144,98,86,76,60,49,39,168,60,33,35,41,24,36,24,7,6,4,14,15,16,8,15,25,12,6,16,15,3,10,16,10,10,1,10,4,29,4,6,13,3,2,2,2,8,1,3,6,4,3,5,6,3,0,2,3,3,8,3,2,4,1,8,2,0,1,1,1,2,2,0,0,2,1,0,1,0,6,1,0,1,0,1,3,1,0,1,0,0,1,1,1,0,0,1,1,1,0,2,0,0,0,2,2,1,0,0,0,1,1,0,0,0,1,1,1,0,1,1,1,0,0,0,0,0,2,0,1,0,0,0,1,0,2,0,1,0,0,0,0,0,0,0,2,1,1,0,1,0,0,0,0,0,0,1,1,0,2,2,3,0,0,0,0,0,0,1,0,0,0,0,0,0,0,0,0,0,0,3,1,0,0,0,0,3,0,1,0,0,1,0,2,0,0,1,0,0,2,0,0,1,0,0,0,2,0,0,0,0,0,0,0,0,0,1,0,1
10/31/2010,15979,7439,885,718,814,1026,891,343,472,205,236,137,247,138,172,49,116,63,145,149,140,102,67,94,141,94,82,80,41,45,37,131,26,32,36,45,15,41,15,5,3,3,12,11,25,9,20,20,12,13,11,9,3,6,14,8,9,4,6,3,17,5,8,5,4,2,2,5,5,1,6,8,2,1,6,6,2,1,3,1,5,7,5,1,1,1,4,0,0,3,1,8,2,3,1,6,0,3,1,1,3,42,0,0,1,2,2,1,1,1,0,1,0,2,1,0,0,0,1,1,2,1,0,0,0,0,1,1,3,0,0,0,0,1,1,2,0,2,2,0,1,0,0,2,0,1,1,0,0,3,0,0,0,0,0,0,2,1,0,0,0,0,0,0,1,0,1,1,0,1,1,0,0,0,1,0,0,1,1,0,0,1,0,4,1,1,0,0,0,0,1,0,1,0,1,0,0,0,0,0,1,0,0,2,0,0,0,1,2,0,0,0,0,0,2,2,2,0,0,0,0,0,1,0,1,0,0,0,2,0,1,0,0,0,0,0,0,0,0,0,0
09/30/2010,15362,7160,903,707,717,1035,809,356,514,209,236,110,222,142,157,58,104,61,103,162,101,100,79,110,116,113,80,57,49,35,32,95,26,49,19,33,15,28,27,14,1,1,17,12,18,6,21,25,10,13,17,6,3,16,7,2,12,8,10,5,5,2,15,9,5,2,5,7,8,1,1,10,5,5,6,2,1,1,3,0,4,5,1,4,1,2,3,0,0,4,6,1,1,0,0,2,0,2,1,1,3,0,0,3,3,0,0,0,0,4,1,1,2,2,0,0,4,0,1,0,1,1,1,0,2,0,1,0,2,1,0,1,2,0,0,0,0,2,0,0,0,0,0,0,0,2,0,1,0,0,0,1,0,0,1,0,0,0,4,0,2,0,0,0,0,0,2,3,1,0,0,0,1,0,1,1,0,0,0,1,1,1,0,0,1,2,1,0,0,0,0,1,0,0,0,1,0,0,1,0,1,0,0,0,0,1,0,1,0,0,1,1,0,0,0,0,1,0,0,1,0,1,0,0,0,0,0,0,0,0,0,0,0,0,0,0,2,0,0,0,0
08/31/2010,16485,7821,903,701,787,1120,900,357,558,236,285,143,259,152,151,65,89,52,133,129,115,103,76,129,117,119,80,61,42,54,40,60,36,33,18,40,25,23,18,9,6,3,21,9,13,6,13,19,7,6,24,6,3,12,15,11,8,5,17,2,14,6,15,12,3,3,4,4,9,0,4,9,3,1,9,0,3,0,1,4,1,13,2,2,1,3,1,1,0,2,2,3,2,4,0,0,0,2,0,5,0,4,1,3,0,0,0,1,3,5,1,0,1,3,2,1,0,2,0,1,0,2,1,0,0,1,0,0,1,0,0,2,2,0,1,1,0,0,0,2,0,0,0,0,0,0,0,0,2,0,1,0,1,2,0,1,1,0,2,0,1,0,0,0,3,0,0,5,1,0,0,0,0,0,0,0,2,1,0,0,0,1,0,0,0,0,2,0,1,1,0,0,0,0,0,1,0,0,1,2,3,1,0,2,0,0,0,0,3,0,0,0,0,0,1,1,1,0,1,1,0,0,0,0,1,1,1,0,0,0,1,1,0,0,0,0,0,0,0,0,0
07/31/2010,16137,7558,903,632,811,1145,860,423,490,247,321,142,241,147,171,62,102,61,145,94,107,93,69,102,114,117,87,59,40,52,36,51,31,42,21,37,14,27,22,6,6,1,18,14,14,4,19,14,12,9,20,5,4,13,21,11,10,8,14,2,13,8,11,9,2,1,2,1,8,1,4,6,5,3,6,8,8,1,3,4,2,11,1,2,3,5,3,0,1,1,1,0,2,3,2,1,1,2,1,1,2,5,0,3,2,1,0,2,1,0,1,1,1,0,1,0,3,1,1,1,0,0,1,1,0,1,0,1,3,0,0,1,0,0,0,0,1,0,1,1,4,1,0,0,1,0,1,1,0,1,1,0,0,0,0,2,0,1,0,0,3,0,1,0,0,0,1,3,0,0,0,0,0,0,0,0,0,0,1,0,1,1,0,1,0,1,3,1,0,1,2,0,1,1,1,1,0,1,0,0,0,0,0,1,1,0,0,0,0,1,0,0,1,0,0,0,2,1,0,1,0,1,0,0,1,0,0,1,0,0,0,0,0,1,0,1,1,0,0,0,0
06/30/2010,16603,7561,850,635,933,1089,876,359,549,226,332,158,244,123,151,72,118,59,231,110,119,111,73,127,113,130,146,60,55,45,36,69,32,35,23,40,20,115,54,8,7,10,12,12,9,4,21,26,29,20,29,11,6,16,26,11,4,8,6,6,10,6,6,12,4,1,4,1,8,0,5,3,6,3,1,13,0,1,3,6,6,5,1,3,5,2,3,0,0,3,1,2,0,1,2,1,3,1,1,0,1,16,1,2,0,0,1,1,3,1,1,1,1,1,1,2,3,2,1,0,3,0,0,0,0,11,1,0,0,0,0,0,1,1,3,1,0,1,1,1,3,0,2,1,0,0,0,0,0,3,1,1,1,0,1,0,0,0,0,0,1,0,1,1,0,0,1,1,0,1,0,0,0,0,1,1,1,4,0,1,0,0,1,0,0,0,1,1,1,1,2,1,0,0,0,2,0,0,0,4,0,0,0,0,1,2,0,1,0,0,0,0,0,0,0,0,0,1,0,0,0,0,0,0,0,0,0,1,0,0,0,0,0,0,0,0,0,0,0,0,0
05/31/2010,18553,8542,1037,779,1013,1279,936,410,607,265,304,141,296,150,210,86,150,66,190,156,143,110,86,154,163,117,109,66,50,55,50,115,30,44,35,37,11,84,41,4,2,3,6,8,15,8,22,17,11,10,25,16,7,24,10,12,6,7,5,6,4,6,15,8,2,2,3,6,8,1,2,7,3,0,2,1,4,0,1,3,2,2,0,3,3,0,1,1,2,4,2,2,1,2,0,3,1,3,0,0,2,9,2,3,1,1,1,0,1,3,2,1,1,1,0,0,1,4,1,2,0,0,0,2,0,4,0,0,4,0,0,2,1,0,0,1,2,0,1,2,0,1,0,0,1,1,0,3,0,1,1,0,0,0,1,0,0,1,0,0,0,0,0,3,0,0,0,1,0,0,0,0,0,0,0,0,3,2,2,0,0,0,0,0,1,1,3,0,0,0,3,1,0,0,0,1,0,0,0,2,0,0,0,0,0,1,0,0,1,0,4,1,0,0,0,0,1,1,1,1,0,0,0,1,0,0,0,0,2,0,0,0,0,0,0,0,0,0,0,0,0
04/30/2010,17993,8521,916,721,933,1193,914,439,503,294,379,128,257,144,180,119,137,60,176,119,151,141,78,135,182,101,84,67,38,59,44,104,20,38,21,48,25,62,19,1,4,4,8,21,15,4,25,18,12,12,15,13,11,18,13,9,5,8,6,2,11,2,21,13,1,2,3,3,7,2,3,3,3,3,4,4,2,2,1,6,1,6,2,4,2,2,1,1,0,1,1,1,0,2,0,1,0,3,1,1,2,2,2,1,1,0,0,2,1,0,1,0,1,0,2,0,2,0,0,0,0,1,1,4,1,8,0,0,7,0,0,2,1,0,1,0,1,0,0,1,3,0,0,1,0,3,1,1,0,0,0,2,0,1,0,2,0,0,1,0,0,0,1,0,2,0,0,2,0,0,0,2,0,0,0,0,0,0,0,2,0,0,0,1,0,1,0,4,0,1,3,1,1,0,0,0,0,0,0,1,0,1,0,1,0,0,0,0,2,0,1,1,0,0,0,0,2,0,1,0,0,0,0,0,0,0,0,1,0,1,0,0,0,0,0,0,0,0,0,0,0
03/31/2010,19226,8941,934,852,1099,1232,1013,431,551,281,341,142,302,143,222,79,170,67,162,137,184,150,76,153,176,100,130,82,58,62,29,81,34,44,30,47,23,48,45,5,5,1,18,13,20,7,25,25,9,76,12,13,10,13,26,8,11,6,9,2,13,7,8,15,3,6,5,3,9,1,7,4,3,1,5,9,3,1,3,7,3,1,2,3,5,5,4,2,2,5,3,4,0,1,1,1,2,2,2,1,1,10,1,1,0,1,1,2,1,0,0,1,0,0,3,0,3,0,0,1,0,0,0,1,1,0,0,1,2,1,0,0,4,1,2,1,0,2,3,0,0,0,0,3,0,1,0,0,0,0,2,0,0,0,0,0,1,1,2,0,0,1,0,1,0,0,2,1,0,4,1,0,1,0,1,0,2,1,1,2,0,3,0,2,0,1,0,1,1,0,0,0,0,0,0,1,1,1,1,2,0,1,2,1,1,0,0,0,1,0,1,0,0,0,2,0,0,0,0,1,0,0,0,0,0,0,0,0,0,0,0,0,0,0,0,2,0,0,0,0,0
02/28/2010,17720,8323,933,697,1006,1184,899,415,565,297,339,144,240,129,182,63,150,70,173,96,119,116,70,170,160,102,92,79,50,48,40,104,30,24,29,47,28,45,24,5,4,4,12,11,21,9,15,24,13,12,10,12,7,10,11,5,10,4,8,4,8,8,13,9,0,4,3,5,14,0,4,3,4,4,3,3,3,0,4,4,2,5,9,3,2,3,4,0,0,0,2,1,3,1,0,2,1,3,2,2,3,2,0,1,1,0,1,4,3,2,1,1,1,1,1,0,5,2,0,4,1,0,0,2,0,2,0,0,2,0,0,2,1,0,1,1,1,2,1,4,1,0,0,0,1,0,2,0,1,0,0,0,1,1,0,0,0,2,0,0,0,0,0,0,2,0,0,2,1,0,0,0,0,1,0,1,0,1,0,1,1,1,0,0,0,1,3,0,0,0,0,0,2,0,0,1,0,1,0,0,0,1,0,0,0,0,0,0,0,0,0,0,0,0,0,0,2,0,0,0,0,0,0,0,0,0,0,0,0,0,0,0,0,0,1,0,1,0,0,0,0
01/31/2010,19324,8614,1108,803,1114,1350,1039,439,589,318,380,164,311,133,231,50,187,55,185,136,142,139,87,165,178,111,116,96,40,90,42,106,41,42,36,50,14,106,38,4,10,4,17,16,15,4,16,25,16,16,15,14,4,15,18,9,14,2,8,1,16,9,9,15,1,3,4,6,10,1,6,3,1,9,2,6,3,2,1,3,1,8,1,2,1,4,2,0,0,0,1,2,1,1,1,1,1,5,1,1,1,2,3,0,2,1,1,0,8,3,0,0,1,3,2,1,1,0,0,1,2,0,0,1,0,1,0,0,3,0,1,0,0,0,4,1,0,1,2,1,2,1,0,0,1,3,1,1,0,0,0,1,0,0,0,0,0,1,0,0,0,1,0,0,3,0,3,4,0,0,0,0,0,0,1,2,1,0,0,0,0,0,1,0,1,0,1,0,0,0,0,0,0,0,0,0,1,0,0,0,0,1,0,0,1,2,1,0,0,0,2,0,1,0,0,0,0,0,0,0,0,0,0,0,0,0,0,1,0,0,0,2,0,0,0,2,1,1,0,0,0
12/31/2009,17357,7994,972,715,922,1133,882,419,517,323,302,137,293,167,180,56,118,66,180,124,88,128,54,168,135,89,112,80,40,52,47,161,44,49,35,38,17,45,24,6,7,4,19,13,23,9,11,21,13,12,13,6,12,12,17,7,8,9,15,4,7,5,9,10,1,0,3,3,4,4,4,3,2,22,5,3,0,2,1,5,6,4,0,3,1,1,2,3,1,2,1,1,2,0,0,1,2,1,1,1,4,10,2,1,1,0,1,1,1,2,0,0,0,2,0,0,2,0,1,5,1,0,1,0,1,0,0,0,3,0,0,1,0,0,1,1,0,1,1,0,0,1,0,0,0,1,1,1,0,0,1,0,0,0,0,2,1,4,0,1,1,0,0,0,2,0,2,0,1,0,0,0,0,0,1,0,1,1,1,2,0,2,0,0,1,0,1,0,1,2,1,1,0,1,0,1,0,0,0,0,0,0,0,0,0,0,0,1,0,0,0,1,0,0,1,0,0,1,0,0,0,0,0,0,0,0,0,0,0,0,0,0,0,0,0,0,0,0,0,0,0
11/30/2009,17849,8414,999,644,959,1175,942,367,473,289,267,164,264,148,235,51,116,53,203,111,108,128,54,143,201,110,88,98,60,60,47,101,68,42,51,44,13,45,25,10,3,2,12,18,9,16,18,16,21,16,4,9,5,16,15,7,6,11,6,0,8,1,9,13,0,3,6,8,10,1,0,10,4,10,11,4,4,3,4,3,2,5,2,5,4,4,3,0,1,1,2,1,1,4,0,1,2,1,1,1,3,29,0,1,0,1,2,1,3,8,0,0,1,2,0,0,3,0,4,2,2,0,0,1,0,2,0,0,2,1,0,2,1,0,3,0,1,1,1,1,1,0,0,1,0,1,0,0,1,1,1,0,0,0,0,0,0,0,0,0,2,0,0,1,0,0,1,2,1,2,0,1,0,0,1,0,0,0,0,0,1,1,0,0,1,0,2,1,0,2,0,0,1,0,1,1,1,0,1,0,0,0,0,3,0,0,0,0,1,0,1,0,0,0,0,1,0,0,0,0,0,0,0,1,0,0,0,0,0,0,0,0,1,0,0,0,0,0,0,0,0
10/31/2009,18427,8819,1083,745,949,1179,1004,385,481,279,332,149,273,147,218,90,118,49,207,84,93,129,74,132,176,122,74,106,45,47,56,107,35,43,37,44,25,46,22,7,6,2,9,11,15,11,9,18,9,10,17,10,4,13,15,6,9,6,10,3,9,4,9,11,0,6,9,4,7,0,2,16,4,4,3,6,0,1,0,6,4,6,1,8,3,3,1,0,3,3,0,5,0,0,3,0,1,6,0,0,0,2,4,1,1,0,0,2,1,1,1,0,0,3,0,1,2,0,0,1,4,0,1,2,0,0,0,0,1,1,1,1,1,0,3,1,0,0,1,1,1,0,0,1,0,0,0,1,0,0,0,0,0,0,1,0,2,0,0,0,2,0,1,1,0,1,0,2,2,0,0,0,0,1,1,0,0,0,0,0,0,0,1,0,1,0,0,1,2,0,0,1,0,0,0,0,0,0,0,2,0,0,0,2,0,0,0,0,0,0,1,1,0,0,0,1,0,0,1,1,1,0,0,0,0,0,0,1,1,2,0,0,0,0,0,0,0,0,0,0,0
09/30/2009,17165,8242,933,738,825,1133,837,411,566,276,279,177,258,204,192,40,112,59,158,118,91,107,68,128,150,90,90,75,71,52,43,74,24,41,23,38,10,27,11,5,7,3,17,6,8,9,12,19,8,8,8,6,2,14,18,8,4,3,3,1,8,10,8,7,1,5,1,3,7,4,1,4,0,1,9,8,4,3,3,4,0,3,1,8,4,2,0,0,0,1,3,2,6,1,0,0,0,2,1,0,2,7,2,1,0,1,1,2,0,0,3,4,0,1,2,1,3,1,1,1,0,1,0,0,1,0,0,0,1,0,1,1,1,0,1,0,1,1,0,2,0,2,0,0,0,2,0,2,0,0,0,2,1,0,1,0,0,0,0,0,3,0,0,0,0,0,5,3,0,1,2,2,1,1,2,2,0,0,0,0,0,0,0,0,1,1,1,3,0,1,0,0,0,0,0,0,1,0,1,0,0,0,1,0,1,1,0,1,0,0,1,0,0,0,0,0,0,0,2,1,1,1,1,0,0,0,1,1,0,1,0,0,1,0,0,0,0,0,0,0,0
08/31/2009,18525,8736,1111,800,919,1207,893,442,559,338,394,185,276,164,186,42,102,39,199,143,86,116,81,173,153,131,90,76,37,55,44,76,37,38,25,51,18,30,23,6,6,1,11,9,10,9,18,17,8,9,10,11,2,8,11,5,7,5,10,4,21,4,11,14,2,2,1,5,8,0,1,3,3,1,6,3,3,1,5,4,4,5,1,6,2,4,6,1,1,3,5,0,3,2,0,2,3,3,0,5,2,5,3,1,2,0,3,3,1,2,4,1,1,2,1,0,2,0,0,2,3,1,0,2,0,2,0,0,2,0,0,1,1,0,2,0,0,0,2,0,0,3,0,0,0,2,0,1,2,1,1,2,0,1,3,1,1,3,0,0,4,0,0,0,1,0,1,3,1,3,1,0,0,0,2,1,0,1,0,0,0,2,1,0,3,0,0,0,0,0,0,1,0,1,0,0,0,0,0,0,0,2,0,0,1,0,0,1,1,0,1,2,0,0,1,0,0,2,0,1,0,0,0,1,1,0,1,0,2,0,0,1,0,0,0,0,0,1,0,0,2
07/31/2009,18908,9007,1093,759,875,1184,964,471,588,378,432,233,244,154,164,44,124,62,161,123,87,150,70,161,139,122,113,73,55,52,47,65,38,30,27,38,16,28,28,5,7,2,9,12,17,18,13,14,13,16,4,8,8,20,11,7,7,6,7,1,7,4,6,19,1,2,2,5,6,3,0,7,5,3,4,7,1,1,3,7,5,5,1,1,4,2,2,2,1,2,2,2,5,0,0,3,4,6,2,2,1,2,4,1,1,1,3,1,1,4,1,2,1,1,2,0,3,2,1,4,2,1,1,1,1,3,2,1,2,2,3,0,4,1,2,1,4,2,1,1,1,2,1,2,1,1,3,1,0,1,0,1,0,0,0,2,1,7,0,0,1,1,1,0,3,1,0,1,2,1,1,2,1,2,5,1,2,1,1,1,1,3,3,0,3,1,2,0,1,1,2,0,1,2,1,0,0,2,0,1,0,2,0,0,3,0,0,0,3,0,0,2,0,0,0,0,0,0,0,0,0,0,0,1,0,1,0,0,0,0,1,0,0,0,0,0,0,0,0,0,0
06/30/2009,18781,8866,1026,813,972,1135,998,413,626,339,360,248,250,132,190,43,127,41,215,80,119,133,71,175,149,146,114,91,50,53,39,70,31,44,47,57,20,50,25,7,5,2,14,23,11,13,15,19,11,12,10,7,4,20,19,5,10,10,8,7,16,5,9,10,1,1,3,4,6,7,1,7,2,1,6,6,1,1,3,2,4,0,2,5,2,2,1,0,0,0,3,2,0,1,3,1,2,3,0,1,2,10,2,1,1,0,0,0,2,0,1,4,0,2,1,0,1,0,0,1,2,1,0,1,0,1,0,0,0,0,1,1,0,1,1,1,0,0,0,0,2,1,0,1,0,1,0,1,1,0,0,0,0,1,1,0,0,0,0,0,2,0,0,0,0,0,1,0,1,0,1,0,1,0,1,2,0,0,0,0,0,4,0,0,0,0,1,0,0,0,0,0,0,0,0,1,0,0,1,0,0,0,0,0,0,1,0,0,0,0,0,0,0,0,0,0,0,0,2,0,0,0,0,0,0,0,1,0,0,0,0,0,0,0,0,0,0,0,0,0,0
05/31/2009,19205,9256,1047,866,849,1186,1071,413,535,307,342,184,272,149,215,62,123,65,185,119,84,152,66,154,176,128,92,90,46,53,43,119,39,40,40,49,15,93,21,6,9,3,12,12,17,5,13,19,11,12,8,14,7,37,25,3,14,6,8,3,8,6,13,14,2,4,7,9,7,4,0,6,5,2,5,5,0,0,2,6,2,3,3,5,1,2,0,1,0,4,2,0,3,0,0,3,2,4,0,1,3,1,1,2,1,0,0,0,0,1,1,1,0,1,1,1,2,1,0,2,0,0,1,1,0,0,1,1,4,2,2,1,0,2,1,2,1,0,1,1,2,4,1,0,0,0,2,1,1,1,1,0,0,0,1,0,0,0,0,0,0,0,2,0,1,0,0,1,1,0,1,1,0,0,0,0,1,0,1,0,0,2,0,0,0,0,0,0,0,0,0,0,0,0,1,0,0,1,1,0,0,0,0,0,1,0,0,1,0,0,1,1,0,0,0,0,0,0,0,0,0,1,0,0,0,0,0,0,0,0,0,0,0,0,0,1,0,0,0,0,0
04/30/2009,18398,9029,990,798,868,1087,859,401,535,326,358,187,219,117,214,60,122,63,141,100,86,154,64,136,146,136,88,91,55,67,31,164,30,38,45,50,21,53,40,8,5,2,8,23,13,7,18,19,16,16,13,7,7,16,20,7,9,5,5,11,10,3,16,12,1,5,5,6,6,0,1,3,3,1,8,1,2,1,3,8,3,2,2,3,3,2,2,0,1,1,1,2,1,2,1,2,0,3,0,0,1,2,0,2,0,0,2,1,1,5,1,0,0,0,0,0,1,0,0,0,3,0,0,2,1,0,0,0,1,0,0,0,1,1,1,0,0,0,0,4,1,0,0,1,5,2,5,0,0,0,0,0,0,0,1,0,2,0,0,0,0,0,0,0,0,1,2,0,0,0,1,1,0,0,0,1,1,0,2,0,0,1,1,0,0,0,0,0,1,0,0,0,0,0,0,0,0,1,1,1,0,0,1,0,0,1,0,0,1,1,0,0,0,1,0,0,0,0,0,0,0,0,0,0,0,1,0,0,0,0,0,0,0,0,0,0,0,0,0,0,0
03/31/2009,19804,9709,984,847,941,1421,905,410,608,340,386,160,273,161,208,56,123,69,153,82,89,128,67,178,216,125,105,95,46,45,49,91,43,32,42,66,21,57,26,7,7,3,10,18,17,10,16,24,11,11,9,13,7,19,24,5,6,9,5,4,6,3,14,14,0,4,4,6,2,1,2,5,2,0,6,8,2,0,6,5,4,2,2,3,2,6,0,0,0,0,3,0,1,1,2,3,4,3,0,2,1,3,3,1,0,0,1,3,3,0,1,2,1,3,0,0,1,0,0,3,2,0,0,2,0,0,3,1,3,1,0,2,3,0,1,0,0,1,0,3,0,0,0,2,0,2,0,0,0,0,0,0,0,0,2,1,0,0,0,0,0,1,0,1,2,0,1,0,0,1,1,1,1,0,3,0,1,0,1,1,0,0,0,0,0,1,1,0,0,1,0,0,0,0,0,0,0,1,0,0,0,0,1,0,0,0,0,0,0,0,1,2,1,0,0,0,0,0,0,1,0,0,0,0,0,2,0,0,0,0,0,0,0,2,0,0,0,0,0,0,0
02/28/2009,18525,9149,947,740,804,1327,927,380,571,367,317,166,280,133,199,34,139,55,145,84,82,121,66,166,159,115,100,95,44,49,41,85,34,36,35,72,8,60,32,6,8,1,6,16,11,13,9,16,17,16,4,6,2,9,16,1,4,5,7,5,6,4,25,9,0,1,2,3,2,1,1,3,4,3,2,4,2,0,5,0,1,3,2,3,1,1,0,2,0,6,1,0,0,2,1,1,2,2,2,0,0,3,2,1,0,1,2,1,1,1,0,0,0,1,1,0,1,0,0,2,0,0,0,1,0,4,0,1,0,6,1,0,1,0,0,1,0,0,0,4,1,0,1,0,1,0,0,1,0,0,0,0,0,0,0,1,0,0,0,0,1,0,1,0,0,0,2,2,0,2,0,0,0,0,2,2,0,0,0,1,0,0,2,1,1,0,1,0,5,2,0,0,0,0,0,1,1,0,0,0,0,1,0,1,0,0,0,1,0,0,1,0,1,0,0,0,0,0,1,1,0,0,0,0,0,0,0,1,0,0,0,0,0,0,0,0,0,0,0,0,0
01/31/2009,19807,9279,1097,878,889,1472,1061,477,623,435,344,211,293,134,249,42,157,37,120,106,58,149,52,205,207,109,117,89,44,50,42,102,42,34,29,63,16,77,25,6,6,4,8,16,17,13,9,24,21,21,6,12,5,9,14,5,7,7,4,4,5,2,10,12,1,0,1,6,3,0,2,7,3,1,4,4,1,2,4,2,1,3,3,0,2,5,0,2,0,0,5,0,0,0,2,1,0,4,0,0,0,4,0,1,0,0,5,0,1,7,0,0,0,1,0,0,2,0,0,1,2,0,0,0,0,4,0,0,1,1,0,1,0,1,0,0,0,1,0,2,1,0,0,3,1,0,1,0,0,2,0,0,0,0,2,1,1,1,0,0,2,0,2,0,1,0,0,2,1,2,0,0,0,0,0,0,0,0,0,0,0,1,0,0,5,0,0,0,0,1,0,0,0,1,0,1,0,0,0,0,0,1,2,1,0,0,0,0,0,2,0,0,0,1,0,0,0,1,1,0,0,0,0,0,0,0,0,0,0,0,0,0,0,0,0,0,0,1,0,0,0
12/31/2008,17776,8601,982,715,683,1284,962,363,521,338,339,185,281,119,217,37,101,54,138,90,67,127,51,185,160,94,84,67,52,43,30,119,33,30,40,63,7,120,23,4,8,0,5,9,21,9,7,13,17,26,8,4,7,12,13,4,4,6,2,8,5,2,14,14,0,3,3,8,6,1,4,6,0,1,6,3,0,1,1,2,1,2,1,2,1,1,2,0,0,2,3,1,0,1,2,0,3,1,0,2,3,0,1,1,0,0,2,1,2,1,3,3,0,2,0,0,1,0,0,2,2,0,0,1,0,1,0,0,2,1,1,1,0,0,1,1,1,0,1,8,0,1,0,2,0,2,1,0,0,0,0,0,0,0,0,0,1,0,0,0,0,0,3,0,1,0,0,2,0,1,0,0,0,0,0,1,1,0,1,0,1,0,0,0,0,0,1,0,0,0,0,1,1,0,1,1,0,0,1,1,1,1,0,1,0,1,0,1,0,0,0,2,0,0,0,0,0,0,0,0,0,1,0,0,0,0,0,0,0,1,0,0,0,0,1,0,0,0,1,0,0
11/30/2008,17897,8786,977,762,658,1273,1000,391,552,344,344,154,252,117,227,49,134,62,136,99,67,140,57,153,179,73,76,80,42,34,29,88,43,41,38,46,6,37,20,3,3,1,11,11,15,7,13,23,9,14,6,11,10,11,14,1,5,2,2,3,5,3,11,7,0,5,3,1,4,0,4,0,4,2,1,3,1,0,1,3,2,2,1,3,3,2,0,0,1,3,1,2,1,0,1,0,3,7,0,1,1,2,1,1,0,0,2,0,2,0,1,1,0,4,0,1,3,0,0,1,1,0,0,0,0,1,0,1,0,1,1,2,1,1,1,1,1,1,1,1,0,0,0,0,0,0,0,1,0,2,0,0,0,1,2,1,3,0,0,0,0,0,2,0,0,0,0,0,0,0,0,0,0,0,0,0,0,0,0,0,0,2,1,3,1,0,0,0,1,0,0,1,0,0,0,0,0,1,0,1,0,0,0,0,0,0,0,1,0,0,0,1,0,0,0,0,0,0,0,0,1,0,0,1,0,0,0,0,0,0,1,0,0,0,0,0,0,2,0,0,0
10/31/2008,18835,9419,999,886,660,1278,980,371,561,318,376,190,289,137,232,46,108,67,167,90,62,135,52,170,189,134,104,72,34,42,53,68,31,39,23,44,14,32,24,6,6,2,5,24,15,4,9,13,6,14,5,19,7,13,9,3,5,1,9,1,11,4,12,4,0,3,1,9,2,1,2,5,3,0,3,4,1,3,1,2,1,1,2,1,2,1,1,2,3,0,2,0,0,2,1,1,3,2,0,2,1,4,0,1,0,0,2,0,3,4,0,3,0,1,1,1,0,1,1,0,2,0,0,2,0,1,0,1,1,0,0,2,0,0,1,3,0,0,0,1,0,1,0,0,0,1,2,0,0,0,0,0,0,0,0,1,0,2,0,0,0,0,0,0,2,0,0,1,0,0,0,0,0,0,0,2,0,0,0,1,0,2,0,0,0,0,0,0,2,1,0,0,0,0,1,0,1,0,2,0,0,0,0,0,1,0,0,0,0,0,1,0,0,0,0,0,0,0,0,0,0,1,0,1,0,0,0,0,0,0,0,0,0,0,0,0,0,2,0,0,0
09/30/2008,17458,8656,944,818,577,1259,836,401,614,318,378,164,246,115,191,42,98,51,120,81,66,127,51,152,188,95,83,72,41,35,37,58,42,31,33,47,14,25,15,3,7,5,4,9,10,8,6,18,10,7,6,5,4,11,6,2,6,5,3,0,5,4,3,12,0,3,3,9,0,0,3,7,3,1,3,2,1,0,2,4,3,2,1,4,2,4,3,1,0,0,2,0,1,0,1,2,13,2,1,0,1,2,2,1,0,0,1,1,3,2,1,0,1,1,2,0,3,1,1,0,1,1,0,0,0,2,0,0,2,0,0,5,1,1,0,0,2,0,0,2,3,3,0,1,0,2,3,1,0,2,0,0,0,0,0,0,1,1,0,0,2,0,1,0,2,0,0,0,0,0,0,1,2,0,2,0,0,0,1,0,1,2,0,0,0,0,0,0,1,0,1,0,0,0,0,3,0,0,1,0,0,1,0,0,0,0,0,1,0,0,2,5,1,0,0,0,0,1,1,0,0,1,0,0,0,1,0,0,1,0,0,0,0,0,0,0,0,2,0,1,0
08/31/2008,18748,9227,946,824,580,1409,912,430,622,403,497,237,272,132,232,36,104,36,145,84,48,145,66,175,155,112,94,70,47,54,34,70,35,33,25,49,7,33,14,5,6,0,5,11,12,11,7,21,13,8,4,10,4,11,11,2,5,3,5,1,9,1,6,12,0,0,4,10,6,0,1,6,3,2,3,3,1,0,4,5,4,2,0,5,1,4,3,1,1,2,5,0,1,0,2,4,7,3,1,1,1,2,2,0,1,0,2,1,0,1,0,1,0,3,1,0,0,3,0,3,2,0,0,0,0,3,0,0,1,0,0,3,0,0,2,1,0,0,0,4,1,0,0,1,0,0,0,1,0,1,0,0,0,0,0,1,2,0,0,0,1,0,0,0,3,1,0,3,0,1,1,0,0,1,0,2,0,1,0,0,0,0,0,0,1,1,1,0,2,0,0,2,0,1,0,0,0,0,0,0,0,1,0,0,0,0,0,0,0,0,0,1,1,0,0,1,0,0,0,0,0,1,0,0,0,1,0,0,0,0,0,1,0,0,0,0,0,1,0,2,0
07/31/2008,19435,9560,1039,830,642,1572,979,493,625,390,337,247,298,115,190,45,134,43,145,104,53,132,46,208,137,126,90,75,49,46,41,62,39,38,26,58,12,18,20,6,5,1,6,12,11,10,6,21,13,1,6,6,7,13,12,1,3,7,7,1,8,3,8,13,0,2,4,6,5,4,4,2,3,2,8,5,0,1,4,1,2,3,5,7,2,4,0,2,1,0,1,1,0,1,2,7,1,1,0,3,0,2,1,0,2,0,1,3,1,1,0,0,0,1,0,0,2,0,2,0,1,0,1,0,0,0,0,1,0,2,1,2,1,0,2,3,0,1,4,2,0,0,0,1,0,1,0,1,1,1,0,0,0,0,1,0,0,1,0,0,0,1,2,1,3,0,2,0,0,0,0,0,1,2,0,3,2,0,2,0,0,4,1,0,5,0,0,0,0,0,0,0,0,0,0,0,0,1,0,0,0,1,0,0,1,0,1,0,0,0,0,0,0,0,1,1,0,1,0,0,0,0,0,1,0,0,0,0,0,0,2,0,0,0,2,0,0,1,3,0,1
06/30/2008,19056,9505,924,773,717,1467,953,442,669,435,363,201,286,101,206,46,110,46,129,106,61,149,58,144,127,111,66,96,29,48,43,63,30,40,41,51,16,26,17,3,7,1,6,9,11,10,11,24,9,11,4,5,9,8,14,4,7,11,3,0,10,5,6,19,0,3,1,5,4,1,1,7,2,1,3,4,2,3,0,3,2,2,2,4,2,5,2,0,1,1,1,1,0,4,0,4,0,1,0,2,1,0,3,2,1,0,3,0,1,1,0,0,1,3,1,0,1,0,0,2,2,0,1,0,1,1,0,0,1,1,0,1,0,1,0,1,0,0,3,4,0,1,0,1,0,1,0,0,1,0,0,0,0,0,0,0,0,0,0,0,0,0,3,0,5,1,0,3,0,1,0,0,0,0,0,7,0,1,1,1,1,0,0,0,1,0,0,0,0,0,0,0,1,0,0,0,1,1,0,0,0,3,0,0,1,0,0,0,0,0,1,0,0,0,0,0,0,0,0,0,1,1,0,0,0,0,0,2,1,0,0,0,0,1,0,0,0,0,0,0,0
05/31/2008,20324,10314,1076,840,652,1703,1053,442,598,401,354,146,271,120,211,40,121,47,130,75,61,135,49,188,154,124,106,108,56,50,36,101,39,45,28,45,8,35,23,5,5,2,6,4,15,5,9,14,11,7,10,5,7,4,9,3,3,3,7,2,12,2,6,9,0,1,7,3,5,4,1,8,4,2,3,3,0,0,4,6,7,3,1,4,1,0,4,2,1,1,2,0,2,2,0,0,3,2,1,3,2,2,1,0,0,0,0,0,0,2,1,0,0,3,0,0,1,1,0,1,2,0,0,1,0,0,0,1,2,0,0,5,0,1,3,2,1,0,0,4,0,0,0,0,0,1,0,0,0,1,0,0,0,0,0,0,0,1,0,0,1,0,0,0,11,0,0,0,1,1,0,0,0,0,0,4,0,0,2,1,0,0,0,0,2,0,0,0,0,0,1,1,0,0,0,0,0,2,0,1,0,3,0,0,2,0,0,1,0,0,3,2,0,0,0,0,0,1,1,0,1,1,0,0,1,0,0,0,0,0,1,0,0,0,0,0,0,0,0,0,0
04/30/2008,20156,10569,1004,879,453,1523,1118,476,572,389,324,156,286,93,155,34,125,59,82,68,66,168,52,163,155,158,73,85,36,35,42,191,34,32,23,46,13,42,22,3,3,2,2,5,19,6,6,18,13,16,7,13,1,11,11,2,6,4,2,2,8,3,12,8,0,3,3,7,6,1,4,8,1,2,2,2,0,3,2,3,2,4,2,2,3,2,2,1,1,6,2,1,0,1,0,0,1,3,2,1,2,1,1,0,3,0,1,1,2,1,2,0,0,2,0,0,1,0,1,1,1,0,0,0,0,1,0,0,2,1,1,2,0,1,1,1,0,0,0,3,0,0,0,2,0,1,0,2,0,0,0,1,0,0,0,2,2,2,0,0,1,1,1,1,10,0,0,2,1,2,0,1,0,0,0,1,0,1,0,0,2,0,0,0,1,0,0,0,1,0,0,3,0,3,0,0,0,0,1,0,0,5,0,0,1,0,1,0,0,0,0,0,0,0,0,0,0,0,0,0,0,0,0,0,0,0,0,1,1,0,1,0,0,0,0,0,1,0,0,0,0
03/31/2008,21206,10880,1042,946,485,1843,1176,411,630,424,419,193,286,103,201,41,136,66,117,76,80,178,39,188,176,115,70,105,52,53,34,66,36,29,42,44,16,66,19,2,6,0,6,9,9,11,5,22,13,8,4,10,5,12,11,1,5,4,8,0,8,2,8,14,0,4,2,3,6,2,0,12,2,1,4,2,0,2,3,3,3,2,1,4,0,3,1,0,0,2,5,4,0,1,1,0,0,2,0,1,0,1,2,0,0,0,0,0,0,2,0,0,1,1,0,1,1,0,0,3,2,0,1,1,1,1,0,0,2,0,1,0,0,1,1,1,1,0,0,3,0,1,0,3,0,1,1,1,0,1,0,1,1,1,1,1,0,2,0,0,0,0,0,0,0,0,0,1,2,0,0,0,1,0,0,0,0,0,0,1,0,1,0,0,1,0,0,0,0,3,1,0,0,1,0,0,0,2,0,0,0,1,0,0,0,0,0,0,0,0,1,0,0,0,0,0,0,0,0,0,2,0,1,0,0,1,0,0,0,0,0,0,0,0,0,0,1,0,0,0,0
02/29/2008,20387,10269,1130,929,469,1623,1070,463,632,423,410,184,321,71,188,46,128,48,120,72,40,172,44,170,178,120,83,104,48,58,41,68,41,32,39,54,9,70,20,2,6,1,6,10,11,11,13,12,13,10,3,10,9,13,12,0,4,3,2,0,8,2,9,15,1,3,3,1,1,3,4,45,0,1,8,0,0,1,6,5,6,2,0,2,1,4,4,0,0,2,2,2,0,0,0,0,1,2,1,0,1,2,2,1,2,0,1,1,0,0,1,0,3,2,0,1,1,1,0,5,6,0,0,0,0,6,0,1,1,2,1,0,1,1,3,0,1,0,0,6,1,2,1,0,1,0,1,1,0,2,0,0,0,1,0,1,1,0,0,0,0,0,2,0,1,0,2,5,0,0,1,0,1,0,2,0,0,1,0,0,0,0,0,0,1,0,0,0,0,3,0,1,0,0,0,0,0,1,0,0,0,0,2,0,1,0,0,0,0,0,0,0,0,0,0,3,0,1,0,1,1,0,0,0,0,0,2,1,0,0,2,1,0,1,0,0,1,0,0,0,1
01/31/2008,21019,10112,1170,1064,503,1838,1107,508,690,404,394,215,338,113,219,39,148,41,126,99,60,184,50,192,156,95,116,120,60,69,44,82,35,39,36,41,21,48,27,5,9,1,9,6,23,11,4,13,8,15,5,7,7,15,15,2,5,7,9,0,13,2,9,5,0,3,3,3,3,0,1,3,2,0,4,3,0,0,3,3,3,3,2,5,2,0,3,0,0,2,2,0,0,1,0,1,3,4,1,0,1,1,0,1,0,1,3,0,2,1,0,0,0,4,0,3,0,0,2,3,1,0,0,1,1,5,0,0,1,0,0,1,0,2,10,0,0,1,1,2,1,8,2,2,1,0,0,4,1,3,2,1,0,0,0,0,2,0,0,0,0,0,3,1,0,1,0,0,6,1,0,0,0,0,0,0,0,1,0,2,1,0,0,0,23,1,0,0,0,8,0,1,0,0,0,0,3,2,1,0,0,0,0,0,1,0,0,1,0,0,0,1,0,0,1,0,0,1,1,0,5,0,0,0,1,0,1,0,1,0,3,1,0,0,0,0,0,0,0,0,0
12/31/2007,18402,9112,948,873,408,1564,926,436,534,372,377,145,300,94,178,38,108,49,79,63,45,154,45,184,151,91,73,101,46,50,42,122,87,30,57,49,15,124,25,3,2,1,5,1,17,13,5,14,14,10,3,9,5,17,21,2,7,5,2,0,7,3,7,12,0,0,1,2,2,1,0,7,4,1,4,2,2,2,3,2,2,2,1,5,0,3,3,1,2,0,2,0,0,1,0,2,8,1,0,1,0,1,1,0,0,0,1,1,0,0,0,0,0,2,0,0,0,2,0,2,1,1,1,0,1,1,1,0,0,0,0,1,0,1,1,1,3,0,1,1,0,0,0,0,1,2,1,0,0,0,0,0,0,0,0,1,0,0,0,0,0,0,2,0,0,0,0,0,2,1,1,0,0,0,0,0,0,0,1,1,0,1,0,0,2,0,0,0,0,0,0,0,1,1,0,0,1,1,0,0,1,0,0,0,0,0,0,0,0,0,0,0,0,0,1,0,0,0,1,0,1,2,0,0,0,0,0,0,0,0,2,0,0,0,0,0,0,1,0,0,1
11/30/2007,18763,9858,1008,896,409,1410,877,476,525,372,342,107,307,97,169,33,87,31,74,69,43,126,36,140,172,102,69,83,50,53,30,90,54,37,36,37,23,55,27,3,6,1,5,5,13,9,4,8,10,27,4,6,5,4,24,1,1,6,4,0,12,2,8,13,1,1,2,3,6,2,1,6,3,3,4,3,2,3,2,5,4,2,0,2,1,7,2,0,0,1,1,2,0,2,2,1,0,0,0,2,0,19,2,0,1,0,2,3,0,0,2,0,0,1,1,0,0,0,0,1,1,0,0,0,0,2,0,0,1,0,6,2,1,1,2,0,0,0,1,1,0,3,0,2,1,0,1,1,1,0,0,1,0,1,0,0,0,0,1,0,0,1,3,0,0,0,0,1,0,0,0,1,1,0,0,1,1,0,0,0,0,1,1,0,1,0,0,0,1,3,1,1,0,0,1,0,1,0,1,1,0,0,0,0,0,3,0,1,0,0,0,0,0,0,2,0,0,0,0,0,0,2,0,0,0,2,0,0,0,0,0,1,0,0,0,0,0,1,0,0,0
10/31/2007,20384,10796,1075,1033,413,1560,919,478,597,332,404,134,323,99,187,44,114,65,60,78,48,156,40,180,144,119,67,80,47,72,50,77,34,26,44,37,19,33,29,5,5,3,8,2,20,7,5,21,5,16,6,12,4,12,22,2,1,7,8,0,8,4,8,18,0,5,0,5,1,3,2,7,5,2,1,2,1,1,4,2,1,2,5,1,2,7,0,0,1,0,5,0,0,2,0,1,1,2,0,2,0,14,2,1,0,1,1,0,0,1,0,0,0,4,0,0,3,2,0,2,0,2,0,1,0,0,0,0,1,1,0,1,0,0,1,3,0,0,2,1,2,0,0,1,1,1,1,3,0,0,0,0,0,0,0,0,0,0,0,1,0,0,0,1,0,1,0,1,0,0,0,0,1,0,0,0,0,1,0,1,1,0,0,0,0,0,0,0,0,2,0,2,0,1,1,0,0,1,1,2,1,1,0,0,0,0,0,1,0,0,0,3,0,0,0,2,0,0,3,0,0,2,0,1,0,0,0,2,0,0,1,0,0,0,0,0,0,0,1,0,0
09/30/2007,19596,10135,1042,1112,353,1643,855,435,567,398,399,175,344,80,178,28,101,52,57,81,39,151,56,130,145,111,82,105,56,69,31,70,31,28,30,32,8,31,14,4,6,2,4,7,5,7,11,13,7,9,5,7,4,10,11,2,2,6,4,0,34,4,13,15,0,3,3,4,3,1,2,5,4,1,5,4,1,3,2,2,6,1,3,3,2,3,1,0,1,1,4,0,0,3,0,0,0,1,1,1,0,1,2,5,1,1,3,1,0,1,1,0,0,3,1,1,0,1,0,3,1,0,0,1,0,0,0,0,4,1,0,1,0,0,0,3,0,0,0,3,2,1,0,3,1,1,0,2,0,0,0,0,0,1,0,1,1,0,0,0,0,0,0,0,0,1,0,4,0,0,0,0,0,0,0,0,0,0,0,0,0,3,1,0,0,0,0,0,1,1,0,0,1,0,1,0,1,0,0,0,0,1,0,0,0,0,0,2,0,0,1,0,1,0,0,0,0,0,1,0,0,1,0,0,0,0,0,1,0,2,0,0,0,0,0,0,0,0,0,0,0
08/31/2007,19960,10476,1111,835,363,1698,892,421,598,416,517,201,327,70,199,42,83,51,61,74,43,149,58,155,132,134,68,67,54,47,43,54,41,38,30,38,11,20,21,2,5,1,8,6,9,5,8,14,5,10,2,5,9,10,20,1,2,2,2,0,6,6,6,11,0,4,2,8,5,1,1,6,0,5,1,6,1,3,8,6,4,0,2,6,1,0,1,0,0,2,1,0,0,3,0,1,0,3,0,0,0,0,2,5,1,0,1,2,3,2,1,0,0,3,0,0,0,1,0,2,2,0,0,1,0,1,1,1,3,1,0,1,1,0,0,1,1,0,2,1,1,0,0,1,0,1,2,2,0,0,0,0,1,0,1,2,0,0,0,0,0,0,1,0,0,1,0,1,1,2,0,0,1,0,0,1,1,1,0,3,1,0,1,0,0,0,1,0,1,0,1,0,0,0,0,0,0,4,0,0,0,0,0,0,0,0,1,2,0,0,0,0,0,0,0,0,0,0,0,0,0,0,0,1,1,0,0,1,0,1,0,0,1,0,1,0,2,0,2,0,0
07/31/2007,20533,11154,1057,772,372,1785,884,410,638,426,406,161,332,77,207,42,94,50,65,49,27,204,40,104,128,145,68,77,70,42,40,59,29,36,22,41,11,25,23,6,1,1,9,6,12,8,5,17,12,8,3,9,8,9,17,4,5,5,8,0,8,3,7,12,0,4,4,2,7,2,2,8,2,0,5,8,1,2,4,4,4,3,3,4,1,2,0,3,1,4,4,1,0,1,2,2,0,3,0,3,0,3,3,2,1,1,4,0,1,7,1,0,1,3,1,0,0,1,0,1,4,0,0,0,0,1,0,1,0,1,0,3,1,0,0,1,1,0,1,3,0,1,1,2,0,2,0,1,1,0,0,0,0,0,0,2,1,0,0,0,0,0,0,0,0,1,0,3,1,0,0,0,0,0,0,0,0,0,0,0,0,4,0,0,0,0,0,0,2,0,0,1,0,0,0,0,0,0,0,0,0,0,0,0,0,0,0,2,0,0,0,3,1,0,0,1,0,0,0,0,0,0,0,1,1,1,0,0,0,1,0,0,0,0,0,0,1,0,0,0,0
06/30/2007,20281,10655,978,812,371,1775,863,408,600,451,435,205,362,73,204,46,117,62,47,52,37,192,54,103,161,143,65,86,64,59,58,95,31,39,37,51,21,31,22,5,4,3,6,9,8,15,6,19,13,15,2,9,10,12,17,2,2,7,4,0,10,6,7,10,2,6,3,7,6,2,1,13,1,2,8,8,4,0,2,4,2,3,1,5,0,2,1,0,2,2,5,0,2,2,1,0,0,2,0,2,1,2,2,4,0,1,3,1,0,24,1,0,0,5,0,1,0,1,0,2,3,0,0,1,2,0,1,0,2,0,0,0,0,2,0,1,0,0,3,2,2,1,0,1,1,1,2,4,1,1,1,0,0,1,0,1,0,1,0,0,0,1,0,0,0,1,0,0,0,1,0,1,1,0,2,2,1,0,0,1,1,1,0,0,0,0,0,0,0,0,0,2,0,0,2,0,0,0,0,1,0,1,0,0,1,0,1,1,0,0,0,2,0,0,1,0,0,0,0,1,0,0,0,0,0,0,0,1,0,0,0,2,0,1,0,0,0,1,0,0,0
05/31/2007,22675,12515,1046,912,387,1826,1017,446,582,491,355,194,382,135,247,58,131,41,64,38,33,260,39,108,179,136,69,125,59,55,38,125,45,39,27,47,15,34,20,6,2,1,5,15,13,9,5,18,6,16,7,9,5,2,16,2,6,4,3,0,9,2,11,19,0,2,1,5,4,0,2,7,4,0,1,2,0,2,4,3,6,1,0,2,1,0,1,0,0,4,1,0,1,4,0,0,1,1,1,1,2,3,1,0,0,0,1,1,0,13,1,0,0,6,1,0,0,0,0,2,1,0,0,1,2,0,0,0,4,1,0,1,0,0,0,1,0,1,1,1,2,0,5,4,0,1,0,2,1,0,2,0,0,0,0,1,2,0,0,0,0,1,0,0,1,1,0,1,0,1,2,1,1,1,0,1,1,1,0,2,1,0,0,0,1,0,0,0,0,0,0,1,1,1,0,1,0,0,0,0,0,0,0,0,0,0,0,0,0,0,0,7,0,0,0,1,0,0,0,1,0,0,0,1,1,1,1,0,0,0,0,1,2,0,0,0,0,0,0,0,0
04/30/2007,23119,13133,1040,932,365,1810,901,468,631,423,367,192,368,91,209,49,126,57,66,67,38,265,53,114,201,227,62,95,80,52,38,54,33,40,35,42,9,20,26,5,4,1,5,4,12,10,11,18,8,7,9,10,6,7,18,4,1,8,7,0,12,3,11,6,0,2,5,2,3,0,2,3,1,0,4,6,1,1,4,3,1,1,2,1,3,0,1,2,1,8,2,0,1,1,1,0,2,3,0,3,2,0,1,1,0,0,2,0,0,12,3,0,0,6,2,0,0,0,1,1,1,0,0,1,0,2,0,0,2,0,0,0,0,0,0,0,0,0,1,1,0,0,0,1,0,2,0,2,3,1,1,1,0,0,1,2,0,0,1,1,0,0,0,3,0,1,0,1,0,1,0,0,0,3,0,0,0,1,0,0,0,1,1,0,2,0,0,0,1,1,0,0,0,1,1,0,0,0,1,1,0,0,0,0,0,2,1,0,0,0,1,0,0,0,0,1,0,0,0,0,0,0,0,0,0,0,0,1,1,0,0,0,1,0,0,0,0,0,0,0,0
03/31/2007,23964,13869,948,1057,342,1936,950,448,628,450,386,191,379,82,236,64,111,72,60,55,33,225,48,93,222,130,87,108,72,39,36,49,39,35,32,36,19,33,10,3,5,1,6,12,15,5,5,21,9,9,6,21,3,7,16,6,7,4,2,0,7,2,16,11,0,4,5,2,3,3,0,11,1,1,3,2,0,0,5,6,4,4,1,6,3,0,1,2,1,0,2,0,0,1,0,0,1,5,0,0,2,1,1,1,1,0,4,2,0,8,2,0,1,4,0,0,0,0,0,1,1,0,1,1,0,0,0,0,3,0,0,1,0,0,0,2,1,2,1,0,0,0,0,2,0,0,5,2,1,1,2,0,0,1,1,0,0,0,0,0,0,0,0,1,0,1,0,3,0,0,0,0,0,1,2,0,0,0,0,0,0,1,1,0,1,0,1,1,0,2,0,0,0,0,1,0,0,0,1,0,0,0,0,0,0,0,1,0,0,0,0,0,0,0,0,0,0,0,1,0,0,0,0,1,0,0,0,0,0,0,0,0,1,0,0,1,0,0,0,0,0
02/28/2007,22228,12956,767,937,321,1876,916,347,571,453,342,127,386,61,209,49,108,50,54,32,39,246,54,104,218,108,66,101,66,52,53,42,41,26,28,36,15,32,14,1,7,0,10,5,12,10,4,17,7,7,6,8,4,7,15,1,1,4,5,0,4,3,10,16,1,1,3,7,10,1,3,7,3,1,3,3,1,1,4,5,2,2,1,8,1,0,1,1,0,0,1,0,0,3,0,0,1,3,0,0,0,1,1,1,0,0,3,0,2,13,1,0,0,1,1,0,0,0,0,3,5,0,0,0,0,1,0,0,1,0,0,0,0,0,1,0,1,0,1,1,0,0,0,2,2,0,1,4,1,0,0,0,0,1,0,3,0,0,0,0,0,2,0,0,0,0,0,0,0,2,0,0,0,0,1,2,2,0,1,0,0,0,0,0,0,0,0,0,3,0,0,1,0,1,0,0,0,0,1,0,0,0,0,0,3,0,0,0,0,0,0,0,0,0,0,0,0,0,0,0,0,0,0,0,1,0,6,0,0,0,0,0,2,0,0,0,0,0,0,0,3
01/31/2007,23324,13062,767,1007,345,2078,1047,377,650,491,365,156,602,47,258,45,124,45,50,42,46,248,39,103,217,147,73,103,58,68,46,78,36,40,40,52,17,35,16,4,1,0,6,5,8,13,6,15,6,7,4,10,4,12,8,7,0,5,1,0,4,6,3,8,0,2,3,5,7,0,2,6,2,0,6,3,3,1,4,4,5,2,3,8,2,0,0,0,0,0,2,0,0,1,1,1,0,2,1,0,0,0,2,0,1,0,3,1,0,10,0,0,0,9,0,1,0,0,0,1,2,0,1,0,1,0,1,0,2,1,0,0,1,0,3,1,0,0,1,0,1,0,2,1,0,3,0,8,0,1,0,0,0,0,0,0,1,0,0,0,0,0,0,0,0,0,0,2,0,0,0,1,0,0,0,0,4,4,0,0,0,0,1,0,0,1,0,0,0,0,0,0,0,2,0,0,0,0,0,0,0,0,0,0,4,0,1,0,0,0,0,0,0,1,0,0,0,1,1,0,0,0,0,0,0,0,1,0,0,0,0,0,0,0,0,0,0,1,1,0,0
